nodeId,name,email,mobileNo,costperhour,nodeType,pid1,pid2,pid3,role,pid4,pid5,exp,w1,w2,w3,a1,a2
501,leelakrishna,leela@gmail.com,9191919191,12,serviceProvider,601,602,603,801,604,605,2,310,null,null,null,null
502,ramya,ramya@gmail.com,9191919191,13,serviceProvider,601,602,603,801,604,605,1,310,null,null,null,null
503,mansi,mansi@gmail.com,9191919191,14,serviceProvider,616,617,618,806,633,634,2,301,306,null,null,null
504,jyotishree,jyotishree@gmail.com,9191919191,13,serviceProvider,616,617,618,806,608,609,1,301,306,null,null,null
505,ankita,ankita@gmail.com,9191919191,12,serviceProvider,616,617,618,806,613,614,1,301,null,null,329,null
506,manish,manish@gmail.com,9191919191,15,serviceProvider,615,616,617,806,618,619,3,306,null,null,null,null
507,sruthi,sruthi@gmail.com,9191919191,12,serviceProvider,601,602,603,801,622,623,1,310,null,null,null,null
508,aditya,aditya@gmail.com,9191919191,13,serviceProvider,601,602,603,801,628,629,2,null,null,null,310,null
509,megha,megha@gmail.com,9191919191,15,serviceProvider,604,605,606,802,633,634,1,307,310,null,null,null
510,kirtika,kirtika@gamil.com,9191919191,10,serviceProvider,604,605,606,802,638,639,1,310,null,null,null,null
511,shiv,shiv@gmail.com,9191919191,12,serviceProvider,601,602,606,802,604,605,1,307,null,null,null,null
512,indira,indira@gmail.com,9191919191,11,serviceProvider,604,605,606,802,609,610,1,307,310,null,null,null
513,naveen,naveen@gmail.com,9191919191,14,serviceProvider,611,612,610,804,614,615,1,309,307,null,null,null
514,shailesh,shailesh@gmail.com,9191919191,14,serviceProvider,610,611,612,804,619,620,1,309,null,null,null,null
515,pushkar,pushkar@gamil.com,9191919191,12,serviceProvider,610,611,612,804,623,624,1,307,null,null,null,null
516,raju,raju@gmail.com,9191919191,12,serviceProvider,610,611,612,804,629,630,1,309,null,null,null,null
517,sushree,sushree@gamil.com,9191919191,13,serviceProvider,607,608,609,803,634,635,1,307,309,310,null,null
518,aniket,aniket@gmail.com,9191919191,14,serviceProvider,607,608,609,803,639,640,2,307,null,null,null,null
519,vijay,vijay@gmail.com,9191919191,15,serviceProvider,607,608,609,803,604,605,1,309,null,null,null,null
520,rakesh,rakesh@gmail.com,9191919191,12,serviceProvider,606,607,608,803,609,610,1,310,309,null,null,null
521,jayshree,jayshree@gmail.com,9191919191,11,serviceProvider,611,612,613,805,614,615,1,306,309,null,null,null
522,sivadatta,sivadatta@gmail.com,9191919911,10,serviceProvider,613,614,615,805,619,620,1,306,null,null,null,null
523,nishi,nishi@gmail.com,9191919191,12,serviceProvider,613,614,615,805,624,625,1,309,null,null,null,null
524,sneha,sneha@gmail.com,9191919191,14,serviceProvider,613,614,615,805,629,630,2,null,null,null,306,309
525,samresh,samresh@gmail.com,9191919991,13,serviceProvider,619,620,621,807,634,635,1,306,null,null,null,null
526,anil,anil@gmail.com,9191919199,12,serviceProvider,619,620,621,807,639,640,1,306,null,null,null,null
527,suresh,suresh@gmail.com,9191919191,14,serviceProvider,619,620,621,807,605,606,1,null,null,null,306,null
528,praveen,praveen@gmail.com,9191919199,11,serviceProvider,619,620,621,807,610,611,1,null,null,null,306,null
529,atul,atul@gmail.com,9191919191,13,serviceProvider,619,620,621,807,615,616,1,null,null,null,306,null
530,hamzah,hamzah@gmail.com,9191919191,14,serviceProvider,619,620,621,807,620,621,1,null,null,null,306,null
531,shifa,shifa@gamil.com,9191919191,15,serviceProvider,616,617,618,806,625,626,1,null,null,null,301,306
532,samreen,samreen@gmail.com,8181818181,14,serviceProvider,619,620,621,807,630,631,1,null,null,null,306,null
533,anendra,anendra@gmail.com,8181818181,12,serviceProvider,616,617,618,806,635,636,1,301,306,null,null,null
534,happy,happy@gmail.com,7171717171,14,serviceProvider,619,620,621,807,627,628,1,306,null,null,null,null
535,chaitanya,chaitanya@gmail.com,9292929292,13,serviceProvider,610,611,612,804,606,607,1,null,null,null,307,309
536,afreen,afreen@gmail.com,8282282828,11,serviceProvider,610,611,612,804,623,624,1,null,null,null,307,null
537,tejaswini,tejaswini@gmail.com,2727272727,15,serviceProvider,610,611,612,804,616,617,1,null,null,null,null,null
538,pushpendra,pushpendra@gmail.com,8383838383,14,serviceProvider,622,623,624,808,621,622,1,null,null,null,null,null
539,anu,anu@gmail.com,9292929292,13,serviceProvider,622,624,623,808,626,627,1,null,null,null,null,null
540,anand,anand@gmail.com,7272727272,12,serviceProvider,622,623,624,808,631,632,1,null,null,null,301,null
541,aabhass,aabhass@gmail.com,7272727273,12,serviceProvider,601,602,603,801,623,624,1,null,null,null,null,null
542,abhi,abhi@gmail.com,7272727274,13,serviceProvider,601,602,603,801,618,619,2,null,null,null,null,null
543,ram,ram@gmail.com,7272727275,14,serviceProvider,601,602,603,801,613,616,3,null,null,null,null,null
544,shyam,shyam@gmail.com,7272727276,15,serviceProvider,601,602,603,801,617,619,1,null,null,null,null,null
545,aabid,aabid@gmail.com,7272727277,11,serviceProvider,601,602,603,801,614,629,2,null,null,null,null,null
546,akhil,akhil@gmail.com,7272727278,12,serviceProvider,601,602,603,801,617,618,3,null,null,null,null,null
547,aachman,aachman@gmail.com,7272727279,13,serviceProvider,601,602,603,801,613,629,12,null,null,null,null,null
548,deep,deep@gmail.com,7272727280,14,serviceProvider,601,602,603,801,617,618,2,null,null,null,null,null
549,nitya,nitya@gmail.com,7272727281,15,serviceProvider,604,605,606,802,619,620,3,null,null,null,null,null
550,sufiyan,sufiyan@gmail.com,7272727282,12,serviceProvider,604,605,606,802,612,621,1,null,null,null,null,null
551,alfaz,alfaz@gmail.com,7272727283,13,serviceProvider,604,605,606,802,616,619,2,null,null,null,null,null
552,rahul,rahul@gmail.com,7272727284,12,serviceProvider,604,605,606,802,615,620,3,null,null,null,null,null
553,aaryan,aaryan@gmail.com,7272727285,12,serviceProvider,604,605,606,802,607,609,1,null,null,null,null,null
554,murli,murli@gmail.com,7272727286,14,serviceProvider,604,605,606,802,619,612,2,null,null,null,null,null
555,saurabh,saurabh@gmail.com,7272727287,15,serviceProvider,607,608,609,803,613,616,2,null,null,null,null,null
556,shubha,shubha@gmail.com,7272727288,14,serviceProvider,607,608,609,803,617,618,3,null,null,null,null,null
557,abhishek,abhishek@gmail.com,7272727289,13,serviceProvider,607,608,609,803,618,619,1,310,null,null,null,null
558,tanu,tanu@gmail.com,7272727290,15,serviceProvider,607,608,609,803,619,620,2,null,null,null,null,null
559,pooja,pooja@gmail.com,7272727291,14,serviceProvider,607,608,609,803,618,619,3,null,null,null,null,null
560,neha,neha@gmail.com,7272727292,13,serviceProvider,607,608,609,803,610,611,1,null,null,null,null,null
561,ayushi,ayushi@gmail.com,7272727293,12,serviceProvider,616,617,618,806,612,613,2,null,null,null,null,null
562,kuldeep,kuldeep@gmail.com,7272727294,16,serviceProvider,616,617,618,806,615,620,3,null,null,null,null,null
563,adesh,adesh@gmail.com,7272727295,14,serviceProvider,616,617,618,806,606,607,1,301,null,null,null,null
564,rajiv,rajiv@gmail.com,7272727296,13,serviceProvider,616,617,618,806,603,604,2,301,306,null,null,null
565,pragati,pragati@gmail.com,7272727297,15,serviceProvider,616,617,618,806,607,608,3,null,null,null,null,null
566,akshay,akshay@gmail.com,7272727298,14,serviceProvider,613,614,615,805,612,619,1,null,null,null,null,null
567,sheelu,sheelu@gmail.com,7272727299,13,serviceProvider,613,614,615,805,617,618,2,309,null,null,null,null
568,sagar,sagar@gmail.com,7272727300,14,serviceProvider,613,614,615,805,620,621,3,309,null,null,null,null
569,kunal,kunal@gmail.com,7272727301,13,serviceProvider,613,614,615,805,622,623,1,306,null,null,null,null
570,any,any@gmail.com,7272727302,15,serviceProvider,613,614,615,805,624,625,2,306,309,null,null,null
571,mac,mac@gmail.com,7272727303,14,serviceProvider,622,623,624,808,625,626,3,null,null,null,null,null
572,joseph,joseph@gmail.com,7272727304,15,serviceProvider,622,623,624,808,629,630,1,null,null,null,null,null
573,mary,mary@gmail.com,7272727305,16,serviceProvider,622,623,624,808,627,628,2,301,null,null,null,null
574,rozy,rozy@gmail.com,7272727306,13,serviceProvider,622,623,624,808,626,627,2,301,null,null,null,null
575,atif,atif@gmail.com,7272727307,14,serviceProvider,622,623,624,808,625,626,1,301,null,null,null,null
576,michel,michel@gmail.com,7272727308,14,serviceProvider,625,626,627,809,616,615,2,null,null,null,null,null
577,ahana,ahana@gmail.com,7272727309,13,serviceProvider,625,626,627,809,617,618,3,null,null,null,null,null
578,akash,akash@gmail.com,7272727310,14,serviceProvider,625,626,627,809,619,620,1,null,null,null,null,null
579,aalok,aalok@gmail.com,7272727311,13,serviceProvider,625,626,627,809,621,622,2,301,null,null,null,null
580,ravi,ravi@gmail.com,7272727312,13,serviceProvider,625,626,627,809,621,622,3,301,null,null,null,null
581,vivek,vivek@gmail.com,7272727313,14,serviceProvider,625,626,627,809,621,622,1,301,null,null,null,null
